DescricaoExemplo;CodigoCorreto
Recebido do Cliente: M·rcia de Andrade Lima;504
Recebido do Cliente: Ana Claudia Cardoso Rodrigues;504
Recebido do Cliente: Lauanda Carrijo Roda;504
Guia FGTS;192
Salario Sabrina;187
Vale Transporte Sabrina;738
MediClim Medicina do Trabalho;700
Seguro Sala;732
Aluguel Sala;740
ScanBody NeoDent GM;740
Renegociacao de Divida CRO;707
Kyon Fresagens de Coping Zirconia;506
Guia INSS;191
Pedido Referente a Nota fiscal: - Dental Ita - 8/18;506
Recebido do Cliente: Milena Souza Gomes da Costa;504
Recebido do Cliente: Fernando Francisco da Silva;504
Kit Churrasco Dr Henrique;535
Recebido do Cliente: Cinira de Paula Bianchini;504
Energia Eletrica;354
Internet;356
Celular Claro;356
Guia Simples Nacional;479
Recebido do Cliente: Leonardo cintra;504
Prolabore Maikon;548
Pedido Referente a Nota fiscal: - Fran Dental;506
Mayper Escritorio Contabilidade;726
01 Parcela Honorario Anual Mayper;726
Recebido do Cliente: Claudia de Oliveira Aylon Ruiz;504
Recebido do Cliente: G.GON«ALVES ODONTOLOGIA ESTA«√O;504
Recebido do Cliente: Henrique Manhani de Andrade;504
TransferÍncia origem: Cheques para Deposito;504
Vaquinha Anatomia;736
Compra Papelaria (Caderno, Durex etc);356
Flores Dra. Lara Boto;717
Curso Anatomia Ivan;709
Kit Dente Naturais Para Estudo;732
Cafeteira Lirika Plus;546
 Tv para treinamentos;546
 Camera Fotografica Canon SL3;546
Papelaria Quadro de Recados;359
Alcool Limpeza Impressao 3D;360
Supermecado;535
SmartProtese Software de Controle;531
Recebido do Cliente: LaÌs Cristina Cintra;504
Retirada de Lucros (Dif Cartao Credito CPF);548
Retirada de Lucros;548
Anuidade CRO;707
Recebido do Cliente: SÈrgio Xavier;504
Recebido do Cliente: Jean Souza Guilherme Junior;504
Distribuicao de Lucro;548
Recebido do Cliente: Verena Oliveira Ara˙jo;504
Recebido do Cliente: Claudio B. Vilas Boas;504
Juros Sobre Adiantamento Cheque Pre;375
IOF Adiantamento Cheque Pre;374
Vale Sabrina;738
TransferÍncia origem: Cheque Pre Datado;504
TransferÍncia para Recebimentos Em Dinheiro;736
Seguro Sala;358
Prolabore Maikon;781
Pedido Referente a Nota fiscal: - Dental Ita - 9/18;506
Kion Fresagem ZircÙnia;506
Recebido do Cliente: Ana Carolina Basso Engler Pinto;504
Recebido do Cliente: Elisa Tonin de Carvalho;504
Consulta Serasa;726
Recebido do Cliente: Karen Valeria de Souza Accari;504
Recebido do Cliente: Marly Aparecida Ferreira;504
Recebido do Cliente: Lorena Teodoro de Castro Casanta;504
Supermercado;535
Correio SEDEX;357
Compra Papelaria;359
Compra Flor Dra Ana Claudia;717
SEDEX (serviÁo Dra Marly);357
SEDEX (Trabalho Dr Henrique);357
Recebido do Cliente: Antonio Manoel Chala;504
 Impressora AnyCubic Rx6;546
 Cafeteira Lirika Plus;546
Tv para treinamentos;546
Kit Dente Naturais Para Estudo;506
FlaschmTwin;736
Pedal Jato de Areia;533
Recebido do Cliente: Alice Petri Veloso Camargo;504
Recebido do Cliente: Leonidas de Moura Vaismenos;504
Recebido do Cliente: Nikkei Radiologia OdontolÛgica;504
Flor Anivers·rio dra Marly;717
Corrida Motoboy;714
Recebido do Cliente: Lara Botto Rosa;504
Compra CafÈ;535
Recebido do Cliente: LetÌcia M·ximo dos Santos;504
Recebido do Cliente: Danilo Caires Ribeiro;504
TransferÍncia para Recebimentos Em Dinheiro;738
Pedido Referente a Nota fiscal: - Dental Ita - 10/18;506
Scan Body Neodent;506
IPTU Sala;348
Pedido Referente a Nota fiscal: 2543 - Fran Dental;506
Recebido do Cliente: Rodrigo Donega Sanches;504
Recebido do Cliente: Juscelei da Costa Serafim;504
DepÛsito origem: Cheques para Deposito;504
Aniverssario Dr.a Marcia;717
Chocolater aniverssario Dr.a Marcia;717
Pedido Referente a Nota fiscal: 202.233 - Dental Ita - 1/5;506
Kion Fresagem Copings Zirconia;506
Dias Trabalhados Fevereiro Joao Victor;781
Cola Super Bonde;359
Anivers·rio Dra Juscelei;717
Compra Tupperware;506
Compra Supermercado;535
Compra Cerveja + coca;535
Impressora AnyCubic Rx6;546
Alcool;360
SEDEX Dr Henrique;357
Aniverssario Sabrina;717
Alcool Sales Oliveira Cor Dr.a Marli;360
Anuidade Cartao Credito;374
FlaschmTwin;546
Camera Fotografica Canon SL3;546
Kit Dente Naturais Para Estudo;546
Retirada de Lucro;548
Retirada de Lucro DIF Cartao ;548
TransferÍncia origem: Cheques para Deposito   ;504
Conserto Maquina CafÈ;533
TransferÍncia origem: Cheques para Deposito ;504
Recebimento Clientes;504
Cafeteira Lirika Plus                                                                                                       ;546
Recebido do Cliente: Thais Regina SÌmaro Batista;504
Recebido do Cliente: Klenia Xavier;504
Salario Joao Victor;187
Base Metalica Dr Henrique Elza 01;506
Base Metalica Dr Henrique Elza 02;506
Recebido do Cliente: Maria Fernanda Pereira Do Couto Rosa Vaismenos;504
Pedido Referente a Nota fiscal: 3111 - Fran Dental;506
Pedido Referente a Nota fiscal: - Dental Ita - 11/18;506
Pedido Referente a Nota fiscal: 202.233 - Dental Ita - 2/5;506
Luva, m·scara, gesso, ponta misturadora, revestimento, Ûxido.|0002 ODONTOSHOP COMERCIO LTD;506
Revestimento, bisturi, Ûxido|0002 ODONTOSHOP COMERCIO LTDA;506
0002 ODONTOSHOP COMERCIO LTD;506
ODONTOSHOP COMERCIO LTD;506
ODONTOSHOP COMERCIO LTDA;506
DENTAL CREMER;506
DENTAL LG;506
IVOCLAR DENT;506
Pagamento sal·rio referente ao mÍs de Julho;187
Pagamento sal·rio referente ao mÍs de Julho|0025 Lucicleide Farias;187
COB COMPE CAIXA;369
DB T CESTA CAIXA;369
Mini pilar, RN Synocta plastic|0016 NEODENT BRASIL (JJGC);506
NEODENT BRASIL (JJGC);506
NEODENT BRASIL;506
NEODENT;506
TED PRA ROSIANE BERTOLDO;548
INSS;191
INSS a recolher;191
Parafuso, an·logo, mini pilar|0016 NEODENT BRASIL (JJGC);506
Internet |0017 ALGAR TELECOM S/A;356
Labf·cil sistema|0035 URGTEC CONSULTORIA E TREINAMENTO LTDA;531
Cli.: 0471 Pgto. do Boleto F903D818C6F44D35B440614FDFD24993 $2.540,00 Taxa: 2,90;504
Cli.: 0005 Pgto. do Boleto F3CD24DF6D5141C0B2E883AE5BC21264 $2.754,00 Taxa: 2,90;504
EMPRESTIMO 2 |0123 EMPRESTIMO - CAIXA;152
Ponta diamantada, hidroxido de calcio, escova, luva |0077 J.P MORGAN-DENTAL CREMER PRODUTO;506
luva, touca, mascara, vibrador de gesso, resina |0077 J.P MORGAN-DENTAL CREMER PRODUTOS OD;506
ConsÛrcio - COTA 3792|0111 EMBRACON ADMINISTRADORA DE CONSORCIO LTDA;350
ConsÛrcio- 1010|0111 EMBRACON ADMINISTRADORA DE CONSORCIO LTDA;350
BLOCO DE ZIRC‘NIA |0119 JOMON INDUSTRIA DE ARTEFATOS CERAMICOS LTDA;506
DOMINGOS ESPIRITO SANTO TANAJURA NETO;548
Sistema|0084 LABF¡CIL;531
Sedex - Dinheiro - 28/02/2025;357
PrestaÁ„o de ServiÁos - Entregas e Retiradas;714
Compra 0711;506
Compra 0689;506
Conjunto Suporte de Caixinhas o/ Bancada preto;570
Compra 0685;506
Sal·rio mÍs 02/2025 (R);187
Compra 0371;506
Software Labfacil - Plano: Consultas (R);741
Reconhecimentos de Firma (Ygor, Cristina, Cristiano e Rodrigo);726
Sedex - Dinheiro - 26/02/2025;357
Compra 0708;506
Compra 0684;506
Compra 0570;506
Ref. Consumo MÍs 02.2025 - Sala 1702  (R);354
Ref. compra de pl·sticos p/ embalar trabalhos;715
Compra 0694;506
Limpeza Lab. dias 23 e 26 (R);362
TAR/CUSTAS COBRANCA;369
Compra 0705;506
Contabilidade - Dk (R);726
Sedex - Dinheiro - 24/02/2025;357
Ref. Frete Transportadora (NF 26093 - Amblion - Blocos de Zirc.);714
Compra 0687;506
Compra 0686;506
Ref. Entrada de Compra Fresadora (Davidson ciente);570
Compra 0461;506
P„es - ref. dias: 25, 26, 27, 28 e 05 de MarÁo. (R);594
Sedex - Dinheiro - 21/02/2025;357
Pedido 160.027/3 (Oxido Elfusa #320 5Kg) (Jan/2025);506
Sedex - Dinheiro - 20/02/2025;357
Compra 0699;506
Compra 0691;506
Compra 0677;506
Adiantamento mÍs 02/2025 (R);187
Pix;736
LOHENE - PREMIA«√O (R);782
Cart„o de crÈdito;534
HERICK - PREMIA«√O (R);782
PREMIA«√O;782
PINCEL  (4/4);533
Referente ao s·bado Vanice;581
Referente ao s·bado do Tiago;581
ADILIO - Clude Sa˙de/ TotalPass e C4life (R);699
ANA CRISTINA - Clude Sa˙de/ TotalPass e C4life (R);699
CAROLINA - Clude Sa˙de/ TotalPass e C4life (R);699
CRISTINA - Clude Sa˙de/ TotalPass e C4life (R);699
HERICK - Clude Sa˙de/ TotalPass e C4life (R);699
JACKELINE - Clude Sa˙de/ TotalPass e C4life (R);699
LOHENE - Clude Sa˙de/ TotalPass e C4life (R);699
Compra 0552 (8/12);736
Compra 0564 (7/9);736
ANA PAULA - Clude Sa˙de/ TotalPass e C4life (R);699
WANDERLEIA - Clude Sa˙de/ TotalPass e C4life (R);699
Fatura Caixa;374
FORNO DE CER¬MICA - 230ZR - ZUBLER (33/34);570
C. Ti Interface ;506
Plano de suporte Talmax Fit ;362
COLETA E TRANSF. DE RESIDUOS QUIMICO ;362
FECHAMENTO OUTUBRO 24;506
ACUMULATIVOS: 463, 468, 476 E 482;506
ACUMULATIVOS: 478,0479, 481 E 488;506
PR”-LABORE ;188
PARC SIMPLES - LOP ;479
FRESADORA CADCAM - B42 - 220V;739
DIVIDA ATIVA PARC LOP ;479
ALIMENTA«√O - YASMIN ;737
ALIMENTA«√O - WANDERLEIA ;521
ALIMENTA«√O - ANA PAULA ;521
Rescis„o ;187
Insumos ;506
ALIMENTA«√O - LOHENE  ;737
ALIMENTA«√O - LARISSA ;521
ALIMENTA«√O - JANAINA  ;521
ALIMENTA«AO - CRISTINA  ;737
ALIMENTA«√O - CAROLINE  ;521
ALIMENTA«√O - VANICE  ;521
ALIMENTA«√O - JOYCE  ;521
ALIMENTA«√O - VICTOR ;521
ALIMENTA«√O - HERICK ;737
SCANNER - MEDIT 600 (SIN) 1/30;570
NegociaÁ„o Boletos Fevereiro e MarÁo;506
NegociaÁ„o Boletos Fevereiro e MarÁo ;570
 CIL TIT MINI PILAR CONICO;506
Gest„o cont·bil ;362
transporte da Fresadora;492
DESISTENCIA/CONSULTA;531
 C. Ti Interface;506
VT - Yasmin Maciel ;738
SEDEX - ENVIO ;357
JOYCE - TRANSPORTE  ;492
VANICE - TRANSPORTE ;492
ADILIO DA SILVA - TRANSPORTE ;738
TIAGO PAIVA - TRANSPORTE ;738
HERICK MORAES - TRANSPORTE ;738
VICTOR HUGO - TRANSPORTE  ;738
CAROLINA DE MEDEIROS - TRANSPORTE ;738
CRISTINA ALMEIDA - TRANSPORTE  ;738
LUCIANA CASTILHO - TRANSPORTE  ;738
Marketing e colab com Administradores.com;713
LOHENE - TRANSPORTE  ;738
LARISSA - TRANSPORTE  ;492
JANAINA - TRANSPORTE ;492
CAROLINE - TRANSPORTE ;492
VIVO INTERNET - 804  ;356
Chip;356
FGTS JACKELINE ;192
Scanbody ;506
SERVI«OS DE DESENHO DE PR”TESE  REALIZADOS NO M S 05/2025;362
FORNO, FRESADORA CADCAM A51, SCANNER 3D;570
Cart„o ELO Caixa ;374
VICTOR HUGO ;187
CRISTINA ALMEIDA ;187
CAROLINE PORFÕRIO  ;187
CAROLINA DE MEDEIROS ;187
ADILIO PAULA ;187
SIMPLES LOP ;479
Imposto plano de sa˙de - HOSP 90,43 ODONT 3,84 ;350
LUISA FONTENELLE - HOSP 390,92 ODONT 26,90 ;528
PRISCILA FONTENELLE - HOSP 719,65 ODONT 26,90 ;528
MARCELO BALLIAN - HOSP  1.019,68 ODONT 26,90 ;703
LOHENE MARQUES - HOSP 605,90 ODONT 26,90 ;703
GABRIEL PORFIRIO - HOSP 390,92 ODONT 26,90 ;528
CAROLINE PORFIRIO - HOSP 672,57 ODONT 26,90 ;528
CELULARES CORPORATIVOS  ;356
FORNO DE CER¬MICA - 230ZR - ZUBLER;570
RenovaÁ„o suporte anual (CIMsystem - Millbox);531
Acordo indenizatÛrio ex funcion·ria Rosana Lima ;726
CONTROLE DE EXAMES ADMISSIONAIS E DEMISSIONAIS   ;362
DA  NET SERVICOS ;356
LIGHT - DEB EM CONTA ;354
Bloco cadcam, ponta pedra, estojo ;506
FGTS RescisÛrio Cintya Filardy;192
JIG DE ESCAN;506
DevoluÁ„o Pix Dra Marcia do dia 30/05;506
Parcelas do distrato;732
Fechamento dezembro ;506
Fresas - Master Milling ;506
VANICE - Clude Sa˙de/ TotalPass e C4life ;339
JOYCE - Clude Sa˙de/ TotalPass e C4life ;339
VICTOR - Clude Sa˙de/ TotalPass e C4life ;699
TIAGO - Clude Sa˙de/ TotalPass e C4life ;699
RODRIGO - Clude Sa˙de/ TotalPass e C4life ;339
PRISCILA - Clude Sa˙de/ TotalPass e C4life ;339
NOEMIA - Clude Sa˙de/ TotalPass e C4life ;699
MARLON - Clude Sa˙de/ TotalPass e C4life ;339
LUCIANA - Clude Sa˙de/ TotalPass e C4life ;699
LOHENE - Clude Sa˙de/ TotalPass e C4life ;699
LARISSA - Clude Sa˙de/ TotalPass e C4life ;339
JANAINA - Clude Sa˙de/ TotalPass e C4life ;339
JACKELINE - Clude Sa˙de/ TotalPass e C4life ;339
HERICK - Clude Sa˙de/ TotalPass e C4life ;699
CRISTINA - Clude Sa˙de/ TotalPass e C4life ;699
CINTYA - Clude Sa˙de/ TotalPass e C4life ;339
CAROLINE - Clude Sa˙de/ TotalPass e C4life ;339
CAROLINA - Clude Sa˙de/ TotalPass e C4life ;699
ANA CRISTINA - Clude Sa˙de/ TotalPass e C4life ;339
ADILIO - Clude Sa˙de/ TotalPass e C4life ;699
FRESADORA ROLAND 2 (DWX-42W) - ADITIVO N∫1 E 2 E FILTRO LIQUIDO;570
FRESADORA SECO 5 EIXOS DWX - 52DI 2/59;570
Liga metalica;506
ALUGUEL LOP - 60% ADM ;740
ALUGUEL LOP - 40% CUSTO  ;740
ALUGUEL SL 804 - 60% ADM ;740
ALUGUEL SL 804 - 40% CUSTO  ;740
ANALISTA;362
Venda 17511;506
ANALISTA  ;362
PENSAO RODRIGO  ;751
VIVO INTERNET ;356
LIGHT - BOLETO  ;354
ITAU SEG VIDA GLOB ;358
LOHENE - COMISSAO  ;581
VANICE  ;187
TIAGO - COMISS√O ;581
LUCIANA - COMISS√O ;581
CRISTINA - COMISS√O ;581
 COMISS√O - CAROLINA ;581
COMISSAO ;581
NOEMIA - COMISS√O ;581
ABASTECIMENTO ;492
ALIMENTA«√O ;521
ABASTECIMENTO - MARLON ;492
ALIMENTA«√O - MARLON ;521
Scanbody Pilar;706
ASSISTENTE FINANCEIRO  ;726
Seguro de vida Marlon e Rodrigo;358
INSUMOS;506
TransferÍncia autom·tica de Conta Digital  - Lop  para ITAU - Conta Corrente - Lop;1
Thiago - trabalhou no s·bado;187
CAROLINE - COMISSAO  ;581
ISS LOP ;173
REND PAGO APLIC AUT APR;432
Comiss„o;581
Comiss„o - Ana Paula;581
Joyce - Comiss„o;581
Wanderleia - Comiss„o;581
Herick - Comiss„o;581
Yasmin - Comiss„o;581
ANTECIPA«√O DE DL ;581
ALIMENTA«√O - MARLON ;737
ABASTECIMENTO - MARLON ;738
ALIMENTA«√O ;737
ABASTECIMENTO ;738
PENSAO RODRIGO  ;750
Tiago - Comiss„o;581
CILINDRO PROT UNIT PILAR;506
Trabalhamos Segunda feira, foi feriado aqui no Rio.;187
Interf titanio ;506
Trabalhar feriado;187
Trabalhou s·bado;187
FRESADORA SECO 5 EIXOS DWX - 52DI 2/59 (31/58);570
FRESADORA ROLAND 2 (DWX-42W) - ADITIVO N∫1 E 2 E FILTRO LIQUIDO (31/48);570
ANA CRISTINA - Clude Sa˙de/ TotalPass e C4life ;699
CAROLINE - Clude Sa˙de/ TotalPass e C4life ;699
JACKELINE - Clude Sa˙de/ TotalPass e C4life ;699
JANAINA - Clude Sa˙de/ TotalPass e C4life ;699
LARISSA - Clude Sa˙de/ TotalPass e C4life ;699
MARLON - Clude Sa˙de/ TotalPass e C4life ;699
PRISCILA - Clude Sa˙de/ TotalPass e C4life ;699
RODRIGO - Clude Sa˙de/ TotalPass e C4life ;699
JOYCE - Clude Sa˙de/ TotalPass e C4life ;699
VANICE - Clude Sa˙de/ TotalPass e C4life ;699
Fresas - Master Milling  (4/5);506
BÙnus trimestral;187
Trabalhou s·bado.;187
Pois ontem o rapaz do oxigÍnio chegou no hor·rio do almoÁo, aÌ ela pagou com dinheiro dela e depois paguei a ela.;506
ANA PAULA - Clude Sa˙de/ TotalPass e C4life ;699
WANDERLEIA - Clude Sa˙de/ TotalPass e C4life ;699
Fechamento dezembro  (7/7);506
Parcelas do distrato (2/3);732
 RN VARIOBASE;506
Taxa cart„o vt desligamento Guilherme ;350
Bloco cadcam, ponta pedra, estojo  (9/10);506
Insumos  (4/7);506
Gesso;506
Tiago pois trabalhou s·bado. ;187
 Victor pois trabalhou s·bado.;187
RenovaÁ„o suporte anual (CIMsystem - Millbox) (5/5);741
Fatura Caixa;1
BÙnus trimestral Victor ;782
FORNO DE CER¬MICA - 230ZR - ZUBLER (32/34);570
CAROLINE PORFIRIO - HOSP 672,57 ODONT 26,90 ;703
GABRIEL PORFIRIO - HOSP 390,92 ODONT 26,90 ;703
LOHENE MARQUES - HOSP 672,57 ODONT 26,90 ;703
PRISCILA FONTENELLE - HOSP 719,65 ODONT 26,90 ;703
LUISA FONTENELLE - HOSP 390,92 ODONT 26,90 ;703
Imposto plano de sa˙de - HOSP 92,02 ODONT 3,84 ;350
Pois ele saiu na quinta feira tarde do laboratÛrio e foi de uber.;187
SALARIO FAMILIA R$195,00 (VANICE, ANA CRISTINA, JACKELINE) SALARIO MATERNIDADE (ANA CRISTINA);736
ANA PAULA  ;192
WANDERLEIA  ;192
Cart„o ELO Caixa ;369
FORNO, FRESADORA CADCAM A51, SCANNER 3D (7/12);570
SERVI«OS DE DESENHO DE PR”TESE  REALIZADOS NO M S 06/2025;467
Marketing e colab com Administradores.com (11/12);713
Fatura Master;1
DESISTENCIA/CONSULTA (7/12);741
VT - Yasmin Maciel referente a 1 semana de passagens;738
Taxas judiciais - referente a processo judicial Dayube;350
CAROLINE - TRANSPORTE ;738
JANAINA - TRANSPORTE ;738
LARISSA - TRANSPORTE  ;738
VANICE - TRANSPORTE ;738
JOYCE - TRANSPORTE  ;738
ANA PAULA - TRANSPORTE  ;738
YASMIN MACIEL - TRANSPORTE  ;738
WANDERLEIA - TRANSPORTE  ;738
Trabalhou s·bado - Tiago ;187
SCANNER - MEDIT 600 (SIN) 1/30 (28/30);570
NegociaÁ„o Boletos Fevereiro e MarÁo  (5/6);570
Insumos  (6/10);506
NegociaÁ„o Boletos Fevereiro e MarÁo (5/6);506
Plano de suporte Talmax Fit  (2/4);362
FRESADORA CADCAM - B42 - 220V (10/48);739
DIVIDA ATIVA PARC LOP  (18/30);550
PARC SIMPLES - LOP  (14/60);550
ALIMENTA«√O - VICTOR ;737
ALIMENTA«√O - JOYCE  ;737
ALIMENTA«√O - VANICE  ;737
ALIMENTA«√O - CAROLINE  ;737
ALIMENTA«√O - JANAINA  ;737
ALIMENTA«√O - LARISSA ;737
ALIMENTA«√O - ANA PAULA ;737
ALIMENTA«√O - WANDERLEIA ;737
Juros Dr Samuel Levy - boleto vencido 20/07;433
ALIMENTA«√O - BRUNO ALVIN;737
EMPR…STIMO (11/25);152
Insumos  (5/7);506
RODRIGO - ALIMENTA«√O ;737
RODRIGO - ABASTECIMENTO ;738
CAROLINE - PREMIA«√O ;782
VICTOR HUGO - PREMIA«√O ;782
LARISSA - PREMIA«√O ;782
ADILIO - PREMIA«√O ;782
CAROLINA - PREMIA«√O ;782
CRISTINA - PREMIA«√O ;782
LUCIANA - PREMIA«√O ;782
TIAGO - PREMIA«√O ;782
VANICE - PREMIA«√O ;782
LOHENE - PREMIA«√O ;782
RODRIGO - PREMIA«√O ;782
MARLON - PREMIA«√O ;782
MARLON - PEDAGIO;705
ANA CRISTINA - PREMIA«√O ;782
ANA PAULA - PREMIA«√O ;782
JOYCE - PREMIA«√O ;782
PREMIA«√O ;782
YASMIM - PREMIA«√O ;782
Estoque Maira;506
Referente ao s·bado do Tiago;187
Referente ao s·bado Vanice;187
FRESADORA SECO 5 EIXOS DWX - 52DI 2/59 (32/58);570
Fresas - Master Milling  (5/5);506
Parcelas do distrato (3/3);732
Bloco cadcam, ponta pedra, estojo  (10/10);506
Emprestimo ;152
 RC VB P/ COROA;506
FORNO, FRESADORA CADCAM A51, SCANNER 3D (8/12);570
SERVI«OS DE DESENHO DE PR”TESE  REALIZADOS NO M S 07/2025;467
Salario 05/25;187
Marketing e colab com Administradores.com (12/12);713
DESISTENCIA/CONSULTA (8/12);741
Insumos  (6/7);506
NegociaÁ„o Boletos Fevereiro e MarÁo  (6/6);570
BRUNO ALVIM - TRANSPORTE ;738
Pix - Referente a paciente Cleni Teresinha ;504
SCANNER ;569
SCANNER - MEDIT 600 (SIN) 1/30 (29/30);570
Insumos  (7/10);506
Plano de suporte Talmax Fit  (3/4);362
CRO LAB;707
Emprestimo ao funcion·rio;187
DIVIDA ATIVA PARC LOP  (19/30);550
PARC SIMPLES - LOP  (15/60);550
Rescis„o;187
FGTS RescisÛrio Vanice;192
ALIMENTA«√O - BRUNO ALVIN ;737
Pagamento sal·rio referente ao mÍs de Julho|0022 JosÈ Carlos;187
GRADE DE PPR MESSIAS;362
manutenÁ„o moto e gasolina| REPARO NO FREIO DA MOTO ISRAEL;533
GRADE DE PPR MESSIAS| GRADE PPR MESSIAS;362
SERVI√áO DE TERCEIRO| FRETE ESPATALADOR;362
AR-CONDICIONADO (CAIQUE SOUSA PIRES)| G√ÅS DO AR-CONDICIONADO;362
manutenÁ„o moto e gasolina| TROCA DE IGNI√á√ÉO LEANDRO;533
manutenÁ„o moto e gasolina| AJUSTE NA CORRENTE MOTO;533
manutenÁ„o moto e gasolina| servi√ßo do banco;533
manutenÁ„o moto e gasolina| REVIS√ÉO FACTOR;533
manutenÁ„o moto e gasolina| REVIS√ÉO TENERE;533
IPTU GARAGEM| GRAGEM 03;348
IPTU GARAGEM| GARAGEM 4;348
INSS/IRRF| INSS;191
IPTU| IPTU SALA 601;348
IPTU| IPTU SALA 1201;348
IPTU| IPTU SALA 1202;348
correios| CORREIOS;357
correios;357
DIVERSOS| CORREIOS;357
Material de Escritorio| MATERIAL DE ESCRIToRIO;359
Material de Escritorio| CARREGADOR MOTO;359
DIVERSOS| MATERIAL DE ESCRIT√ìRIO;359
EMBALAGENS E PAPELARIA | MANTA EMBALAGEM;715
Estorno de Cliente;504
Material de Escrit√≥rio| TINTA DA IMPRESSORA;359
Material de Escrit√≥rio| MATERIAL PARA ESCRIT√ìRIO;359
alimentaÁ„o| VA MATEUS;535
alimentacao| VA;535
alimentacao| alimentacao VIAGEM;535
alimentacao;535
SIMPLES NACIONAL| SIMPLES NACIONAL;479
Material de Escrit√≥rio| COMPRA DE LIXA E WD40;359
EMPRESTIMO SICOOB PRONAMP| EMPRESTIMO PRONAMP;152
agua semanal| AGUA SEMANAL;355
correios| CORREIOS ENTREGA DE TRABALHO;357
alimentacao| MERENDA SABADO;535
alimentacao SABADO;535
FGTS| FGTS;192
CARTAO SICOOB| EMBALAGENS;534
alimentaÁ„o| ALMO√áO GEISON LETICIA;535
EMPRESTIMO SCANNER CEREC| BOLETO EMPRESTIMO CEREC;152
COPA, HIGIENE E LIMPEZA| MATERIAL DE LIMPEZA;360
DESPESAS COM VIAGEM;711
DESPESAS COM VIAGEM | MAYANDRA DESPESAS COM VIAGENS;711
DESPESAS COM VIAGEM |0190 MAYANDRA DESPESAS COM VIAGENS;711
SIMPLES DENTAL PROGRAMA| SIMPLES IT serviÁos;506
VIAGEM;711
TRANSPORTE VIAGEM;768
TRANSPORTE ABASTECIMENTO ;768
MAPFRE SEGUROS| SEGURO;358
correios| ENTREGA DE TRABALHO;357
alimentaÁ„o| COMPRA DE SAL GROSSO;535
alimentaÁ„o| COMPRA DE CAF…;535
DIVERSOS| PEDAGIO DIVINOPOLIS;738
TRANSPORTE |0194 TRANSPORTE ZANONI;768
TRANSPORTE ZANONI;768
TRANSPORTE TRANSPORTE ;768
TRANSPORTE ;768
EMPRESTIMO SICOOB CAPITAL DE GIRO 30.000,00| EMPRESTIMO SICOOB;152
manutenÁ„o moto e gasolina;730
manutenÁ„o moto e gasolina| COMPRA DE SUPORTE CELULAR MOTO ISRAEL;730
CARTAO SICOOB| 99 POP;534
CARTAO SICOOB| MOVIDA;534
CARTAO SICOOB| POSTO BAR√ÉO;534
CARTAO SICOOB| DIGOOGAMING;534
CARTAO SICOOB| DALIPLAST;534
CARTAO SICOOB| MAKERTECHLABSTECNOLO;534
CARTAO SICOOB| HT CLUB DOS SEM;534
CARTAO SICOOB| BESSER SOLU√á√ïES;534
CARTAO SICOOB| OMEGA PALACE HOTEL;534
CARTAO SICOOB| AGENDOR;534
CARTAO SICOOB| DROGARIA ARAUJO;534
CARTAO SICOOB| MERCADO LIVRE;534
CARTAO SICOOB| MERCADO LIVRE EBAZAR;534
CARTAO SICOOB| MP*AGPTECNOLOGIAEMIN;534
CARTAO SICOOB| EC *5PRODUTOS;534
CARTAO SICOOB| GO LINHA AEREAS;534
CARTAO SICOOB| JAIR OLEOS;534
CARTAO SICOOB| K2GO;534
CARTAO SICOOB| CNG SOLU√á√ïES;534
CARTAO SICOOB| MOPTEC;534
CARTAO SICOOB| MEGASTAR;534
CARTAO SICOOB| MMTEC PROJET*Smar;534
CARTAO SICOOB| MATERIAL GRAFICO;534
CARTAO SICOOB| VERISURE;534
CARTAO SICOOB| LATAM;534
CARTAO SICOOB| TELA LCD;534
CARTAO SICOOB| AUTO CLAVE;534
CARTAO SICOOB| PROJETOR;534
CARTAO SICOOB| FELP FILM;534
CARTAO SICOOB| TAMBASA ATACADISTA;534
ALUGUEL(LOCA√á√ÉO)| ALUGUEL SALAS 1201 E 1202;740
material do laboratorio| COMPRA DE NARRUELA;359
material do laboratorio;359
MAYANDRA DESPESAS COM VIAGENS | DESPESAS COM VIAGENS;711
MAYANDRA DESPESAS COM VIAGENS ;711
Brindes/ConfraternizaÁ„o| ANIVERS√ÅRIO LEANDRO;536
 NIVER;536
ANIVERS¡RIO ;536
SIMPLES NASCIONAL PAR| PARCELAMENTO;550
INTERNET|0159 CONFIBER INTERNET;356
CARTAO SICOOB| SEM MULTAS SERVI«OS;356
CARTAO SICOOB| GIRAFAS - ALIMENTA«√O VIAGEM;534
TRANSPORTE| DESPESAS COM VIAGENS;711
DIVERSOS| MANUTEN«√O CANETA PRODU«√O;729
MANUTEN«√O PRODU«√O;729
SIMPLES DENTAL PROGRAMA;506
DIVERSOS| FILTRO DE LINHA ESCRIT√ìRIO;359
Pgto de SERVI«OS(s) realizado(s) | Cliente: PRO ODONTO (DR.JHONI);504
VISITA COMERCIAL|0190 MAYANDRA DESPESAS COM VIAGENS;711
MAYANDRA DESPESAS COM VIAGENS | VISITA COMERCIAL;711
TRANSPORTE| ABASTECIMENTO COMERCIAL;768
JUROS PARCELAMENTO |0023 DIVERSOS;374
9 SCANBOODY SCAN INTRAORAL 918|0238 CIA DO IMPLANTE;506
CIA DO IMPLANTE| SCAN INTRA ORAL;506
CARTAO SICOOB| GONTIJO - IDENTIFICAR COMPRA;534
CARTAO SICOOB| APCD - IDENTIFICAR COMPRA;534
CARTAO ;534
CARTAO SICOOB| HOSTGATOR FLORIANOPOLIS (IDENTIFICAR COMPRA);534
CARTAO SICOOB IDENTIFICAR COMPRA;534
DENTAL FREE COMERCIO DE MATERIAIS ODONTOLOGICOS| FOTOPOLIMERIZADOR VALO GRAND CORDLESS CU;506
MOTOR MARATHON |0010 DENTAL FREE COMERCIO DE MATERIAIS ODONTOLOGICOS;506
MOTOR ULTIMATE |0010 DENTAL FREE COMERCIO DE MATERIAIS ODONTOLOGICOS;506
DIVERSOS| SEGURO SICOOB;358
DIVERSOS| SEGURO PRESTAMISTA;358
RECARGA DE CELULAR| 85 9428-8250-CLARO/85 9289-0453-CLARO/85 9208-8482-CLaro/85 9847-900;356
CARTAO SICOOB| 3B EVENTOS - IDENTIFICAR COMPRA;534
DIVERSOS| PIX;738
CARTAO SICOOB| EQUIPINBOX - IMPRESSORA 3D;534
CARTAO SICOOB| TALMAX;534
Transf. |Origem:LIVRO CAIXA-Destino:DINHEIRO PARA CAIXA INTERNO;1
ALUGUEL LOCA«√O ;740
ALUGUEL LOCA«√O SALA ;740
ALUGUEL(LOCA«√O)| SALA 601;740
GESSO ESPECIAL FUJI |0010 DENTAL FREE COMERCIO DE MATERIAIS ODONTOLOGICOS;506
CERAMICA |0010 DENTAL FREE COMERCIO DE MATERIAIS ODONTOLOGICOS;506
CARTAO SICOOB| MERCADO LIVRE 30/09 IDENTIFICAR COMPRA;534
CARTAO SICOOB| CLEIDERSON DE OLIVEIRA - IDENTIFICAR COMPRA 26/10;534
CARTAO SICOOB;534
DENTAL FREE COMERCIO DE MATERIAIS ODONTOLOGICOS;506
DENTAL FREE ;506
Transf. |Origem:LIVRO CAIXA-Destino:DINHEIRO TED PARA CAIXA INTERNO;1
Transf. |Origem:;1
Transf. Origem:;1
Transf Origem;1
Transf;1
Transf. |Origem:DINHEIRO-Destino:LIVRO CAIXA TED PARA LIVRO CAIXA;1
Transf. |Origem: Destino:;1
Transf. |Origem:LIVRO CAIXA-Destino:DINHEIRO TED PARA LIVRO CAIXA;1
Transf. |Origem Destino;1
EMPRESTIMO SICOOB CAPITAL DE GIRO 30.000,00| PARCELADO 36 * Data Vencimento: 15/04/202;152
Transporte - Cad| VT MATEUS;738
Transf. |Origem:LIVRO CAIXA-Destino:DINHEIRO TED PARA CAIXA INTERNO PGT DA QUINZENA;1
CARTAO SICOOB| PORTO SEGURO CIA (IDENTIFICAR COMPRA);534
Transf. |Origem:LIVRO CAIXA-Destino:DINHEIRO TED PARA CAIXA INTERNO FOLHA;1
DIVERSOS| BOLO ANIVERSARIANTES DO M√äS;536
TALMAX| Fresadora B42 Sem milbox (Ir√° utilizar o Milbox que j√° possui) Entrada R$ 30.000,;570
Pgto de SERVI«OS(s) realizado(s) | Cliente: RODRIGO HENRIQUE CUNHA SANTOS;504
TALMAX Fresadora;570
TALMAX -Fresadora;570
TALMAX| Fresadora ;570
TALMAX;506
NAYARA IT | PAGAMENTO;738
VITOR ABREU| PAGAMENTO MENSAL;581
CARTAO SICOOB| DENTAL MENSAL (VALOR REAL R$ 2.833,66);534
PP TRIGO INDUSTRIA E COMERCIO| COMPRA DE PAO;535
CARTAO SICOOB| MP*UNIVENDASML (23/02) - MONITOR COMPUTADOR CAD PRODRU√á√ÉO;534
UNIMED PLANO DE SA⁄DE;699
 PLANO DE SA⁄DE;699
UNIMED (CDL )| PLANO DE SA⁄DE;699
CARTAO SICOOB| SEGURO MEDIT - RECEBER FILIPI PERFEITO;534
ANA PAULA TERCEIRIZA«√O| PAGAMENTO MENSAL;467
material do laboratorio| ARRUELA;359
RECARGA CELULAR| RECARGA COMERCIAL CRC;356
DDO Materiais Prot. Dent·ria Ltda| COMPRA DE INSUMOS;506
CARTAO SICOOB| METAIMPORTA√á√ïES COMPRA FEITA DIA 17/10 (IDENTIFICAR);534
DDO Materiais Prot. Dent·ria Ltda;506
material do laboratorio| COMPRA DE ETANOL;359
DIVERSOS| CESTA DOA«√O;738
nacional dental ulisses;506
CONTABILIDADE|0158 CONTABILIDADE MAYPER;726
INSUMOS NEODENT STRAUMANN;506
INSUMOS NOTA ;506
INSUMOS NOTA 000383391|0086 NEODENT STRAUMANN;506
COMPRA DE P√O PARA COLABORADORES;535
COMPRA DE P√O ;535
PP TRIGO INDUSTRIA E COMERCIO;535
P√O;535
Estorno C.Receber/Cliente 03/02/25 FERNANDO DUTRA LUCIANO;504
SACOPLAST LTDA| MATERIAL LAB. DIVERSOS;738
CARTAO SICOOB| MERCADO LIVRE COMPRA DIA 14/10 (IDENTIFICAR);534
Pgto de SERVI«OS(s) realizado(s) | Cliente: MATHEUS LUIS SOARES DE FARIA;504
Pgto de SERVI«OS(s) realizado(s) | Cliente: CRISTIANE JUNQUEIRA DE SOUZA;504
Pgto de SERVI«OS(s) realizado(s) | Cliente: TATHIANE GUIMARAES DE OLIVEIRA (DIVINO;504
DENTAL TIRADENTES| INSUMOS;506
SCANNER MEDIT |0232 SCANNER MEDIT SIN;506
URGETEC -CONSUTORIA E TREINAMENTO| URGETEC;531
URGETEC -CONSUTORIA E TREINAMENTO;531
URGETEC;531
CONSULTORIA;726
CONSULTORIA K2GO;726
FRESADORA LOCACAO|0160 TALMAX;570
ZANONI DL| antecipaÁ„oO DL ZANONI;548
antecipaÁ„o DL ;548
Pgto de SERVI«OS(s) realizado(s) | Cliente: Daniel Freire de Arruda;504
Pgto de SERVI«OS(s) realizado(s) | Cliente: Andr√© Pessoa Bezerra de Menezes;504
Pgto de SERVI«OS(s) realizado(s) | Cliente: M√°rio Herc√≠lio de Oliveira Rodrigues;504
Func: Jonathan Lopes de Sena;187
Func: Emanuel Martins de Azev√™do Barbosa;187
Func: Rita de Cassia Freire Barbosa;187
Pgto de SERVI«OS(s) realizado(s) | Cliente: FERNANDO DUTRA LUCIANO;504
Pgto de SERVI«OS(s) realizado(s) | Cliente: L√ÅZARA DAUREA FROES TAVARES;504
Pgto de SERVI«OS(s) realizado(s) | Cliente: VENETO ODONTOLOGIA;504
Pgto de SERVI«OS(s) realizado(s) | Cliente: ANDRE AZEVEDO NEVES;504
Pgto de SERVI«OS(s) realizado(s) | Cliente: RAFAELLA MENDES (MEM ODONTOLOGIA );504
Pgto de SERVI«OS(s) realizado(s) | Cliente: SALITTE ODONTOLOGIA;504
Pgto de SERVI«OS(s) realizado(s) | Cliente: PRIMAR ODONTOLOGIA( CRISTIANE JUNQUEIRA);504
Pgto de SERVI«OS(s) realizado(s) | Cliente: TRATAR ODONTOLOGIAAA EPECIALIZADA;504
Pgto de SERVI«OS(s) realizado(s) | Cliente: ARMOND ODONTOLOGIA;504
Pgto de SERVI«OS(s) realizado(s) | Cliente: GISELE MOREIRA SIMM (IT SOLUT);504
Pgto de SERVI«OS(s) realizado(s) | Cliente: ORO ODONTOLOGIA;504
Pgto de SERVI«OS(s) realizado(s) | Cliente: VIRTUS ODONTOLOGIA Crislayne Prates;504
Pgto de SERVI«OS(s) realizado(s) | Cliente: AVANTI CL√çNICA ODONTOL√ìGICA;504
Pgto de SERVI«OS(s) realizado(s) | Cliente: SOURINE BLANC ODONTOLOGIA;504
Pgto de SERVI«OS(s) realizado(s) | Cliente: BRYAN FONSECA (ORAL UNIC ODONTOLOGIA DIV;504
Pgto de SERVI«OS(s) realizado(s) | Cliente: LUMER SARZEDO + Sorrisos cl√≠nica;504
Pgto de SERVI«OS(s) realizado(s) | Cliente: KARLA BEATRIZ ARRUDA SILVEIRA;504
Pgto de SERVI«OS(s) realizado(s) | Cliente: CLINICA ODONTOLOGIA ODONTOBARRETO;504
Pgto de SERVI«OS(s) realizado(s) | Cliente: MANOELA PETERMANN FIGUEIREDO;504
Pgto de SERVI«OS(s) realizado(s) | Cliente: LORENA MOREIRA FONSECA;504
Pgto de SERVI«OS(s) realizado(s) | Cliente: EDSON XAVIER;504
Pgto de SERVI«OS(s) realizado(s) | Cliente: PRADO ODONTOLOGIA;504
Pgto de SERVI«OS(s) realizado(s) | Cliente: BRUNA MARTINS GALDINO DIAMANTINO;504
Pgto de SERVI«OS(s) realizado(s) | Cliente: JUSSARA ALVES AGUIAR LIBRELON;504
Pgto de SERVI«OS(s) realizado(s) | Cliente: ANDREZA MOREIRA PINTO;504
Func:;187
Funcion·rio;187
Pgto de SERVI«OS(s) realizado(s) | Cliente: Alfredo Bezerra Pinheiro Neto;504
DIVERSOS| PACOTE DE SERVI«OS;738
Pgto de SERVI«OS(s) realizado(s) | Cliente: DANIELA PEDRO DE ALMEIDA;504
Pgto de SERVI«OS(s) realizado(s) | Cliente: Andreza Maria Rodrigues Rocha Virginio;504
Pgto de SERVI«OS(s) realizado(s) | Cliente: Stefano Gavazzi;504
Pgto de SERVI«OS(s) realizado(s) | Cliente: Erasmo Lira Cavalcanti Filho;504
Pgto de SERVI«OS(s) realizado(s) | Cliente: Augusto C√©sar C√¢mara;504
SALA 1202|0210 EVOLUA;740
SALA ;740
ALMO«O DO WILIAM SAB. 15/03;535
COMPONENTES;506
INSUMOS|0160 TALMAX;506
JJGC;506
Pgto de SERVI«OS(s) realizado(s) | Cliente: VANESSA CRISTINA PEREIRA LUCAS FERREIRA;504
Pgto de SERVI«OS(s) realizado(s) | Cliente: BARBARA CRISTINA LOPES;504
Pgto de SERVI«OS(s) realizado(s) | Cliente: SMART ODONTO BETIM LTDA;504
Pgto de SERVI«OS(s) realizado(s) | Cliente: ELIODONTO BOM PASTOR LTDA;504
Pgto de SERVI«OS(s) realizado(s) | Cliente: CLINICA ELEVATA LTDA;504
Pgto de SERVI«OS(s) realizado(s) | Cliente: SONHAR ODONTOLOGIA LTDA;504
CONDOMINIO| MENSAL;740
Pgto de SERVI«OS(s) realizado(s) | Cliente: VICTOR VENEROSO FIGUEIREDO PINTO;504
DIVERSOS| TARIFA RENO«√O LIMITE CONTA GARANTIDA;374
Pgto de SERVI«OS(s) realizado(s) | Cliente: Carlos Renato de Carvalho;504
TARIFA ;374
Transf. |Origem:SICOOB-Destino:;1
TALMAX| Brocas - NF 000095621;506
Pgto de SERVI«OS(s) realizado(s) | Cliente: BRUNO FARIA (IT SOLUTION);504
BROCAS;506
Pgto de SERVI«OS(s) realizado(s) | Cliente: LUMER IGARAPE(PALHARES E MARQUES);504
Pgto de SERVI«OS(s) realizado(s) | Cliente: CLIENTE NAO IDENTIFICADO TRANSFERENCIA;504
DISCO DE ZIRCONIA FIT PLUS |0087 DENTAL CREMMER;506
SAL¡RIO;187
VAGNER BOY| SAL¡RIO;187
PAULO HENRIQUE| SAL√ÅRIO;187
PEDRO|SAL¡RIO;187
Pgto de SERVI«OS(s) realizado(s) | Cliente: CLINICA ODONTOLOGICA MARQUES LTDA;504
Pgto de SERVI«OS(s) realizado(s) | Cliente: INFINITA ODONTOLOGIA LTDA(DRA RENATA);504
Pgto de SERVI«OS(s) realizado(s) | Cliente: Thiago Barreto Carvalho ME;504
Pgto de SERVI«OS(s) realizado(s) | Cliente: MARCELO SALES ZANFORLIM DIAS;504
SILICONE ZETALABOR / GESSO ESPECIAL FUJI ROCK PASTEL|0010 DENTAL FREE COMERCIO DE MATERIAI;506
Pgto de SERVI«OS(s) realizado(s) | Cliente: ANTONIO DIAS NETO;504
Pgto de SERVI«OS(s) realizado(s) | Cliente: MARCELA B DA SILVA;504
SCANER TRIOS|0087 DENTAL CREMMER;506
0087 DENTAL CREMMER;506
GUILHERME SILVA| COMB. GUILHERME;738
Transf. |Origem:SICOOB-Destino:CONTA GERENCIAL FOLHA DE PAGAMENTO;1
DESLOCAMENTO WILIAM;716
DESLOCAMENTO;716
WILIAM MARTINS FIUZA FILHO| LOCOMO«√O WILIAM;716
DIVERSOS| CAIXINHAS EMBALAGEM;715
PROLABORE |0042 ZANONI PROLABORE;188
SUPERMERCADOS |0151 SUPER NOSSO BELO HORIZONTE;535
SUPERMERCADOS;535
CRC LIGACOES| CRC ELISE;707
DIVERSOS| RONAN LOGISTICA;716
DIVERSOS| ALCOOL ISOPROPILICO;506
KLEITON| MOTOBOY;714
LOGISTICA RONAN|0023 DIVERSOS;716
SUPERMERCADO|0151 SUPER NOSSO BELO HORIZONTE;535
IPONTO| IPONTO;738
MPOODONTO | Brocas pedras md , mv;506
RECARGA CELULAR| RECARGA CELULAR TALITA;356
DIVERSOS| PEGAGIO DIVINOPOLIS;350
DIVERSOS| ESTACIONAMENTO VIAGEM;716
CDL| MENSAL;714
PROLABORE PROLABORE;188
FOLHAS RECORTE GRAFICA|0023 DIVERSOS;359
DROGARIA ARAUJO BELO HORIZONTE| DROGARIA;736
DIVERSOS| RESERVAS CADEIRA EVENTO;736
DIVERSOS| MART MINAS;736
WERVENTON BOY BRUMADINHO | MOTOBOY;714
DIVERSOS| MOTOBOY ITABIRITO;714
DIVERSOS| ESTACIONAMENTO;716
ZANONI PROLABORE | PROLABORE;188
SOLDA| SOLDA;188
DIVERSOS| ESTACIONAMENTO;736
CADEIRA OLSEN - |0231 OSLEN;546
LOGISTICA;716
CRC LIGACOES;707
SUPER NOSSO BELO HORIZONTE| SUPERMERCADO;535
DIVERSOS| ALCOOL POSTO;768
DIVERSOS| LOGISTICA DIVINOPOLIS;716
MAYPER;726
MAYPER (CONTABILIDADE );726
DIVERSOS| LOGISTICA RONAN;716
CRC ;707
CRC ELISE |0165 CRC LIGACOES;707
ZANONI PROLABORE ;188
ScanBody NeoDent GM;506
Kyon Fresagens de Coping Zirconia;506
Pedido Referente a Nota fiscal: - Dental Ita - 8/18;506
Pedido Referente a Nota fiscal: - Fran Dental;506
Pedido Referente a Nota fiscal: - Dental Ita - 9/18;506
Kion Fresagem ZircÙnia;506
Kit Dente Naturais Para Estudo;506
Pedido Referente a Nota fiscal: - Dental Ita - 10/18;506
Scan Body Neodent;506
Pedido Referente a Nota fiscal: 2543 - Fran Dental;506
Pedido Referente a Nota fiscal: 202.233 - Dental Ita - 1/5;506
Kion Fresagem Copings Zirconia;506
Compra Tupperware;506
Base Metalica Dr Henrique Elza 01;506
Base Metalica Dr Henrique Elza 02;506
Pedido Referente a Nota fiscal: 3111 - Fran Dental;506
Pedido Referente a Nota fiscal: - Dental Ita - 11/18;506
Pedido Referente a Nota fiscal: 202.233 - Dental Ita - 2/5;506
Compra Componente Titaniumfix;506
Aula Curso Maria Paulo;709
Retirada de Lucros 01;549
Entrega Trabalho Dr Luis Manoel;772
Cafe da Tarde;772
Kion Fresagem de copings Zirconia;504
Recebido do Cliente: Eloisa Ferreira dos Reis;504
Recebido do Cliente: LuÌs Manoel R Freato;504
Compra Toner;359
Anivers·rio Jo„o (salgadinho e coca);593
Sedex trabalho Dr Luis Manoel;357
Sedex Trabalho Dr Henrique;357
Compra Melica (Plastico p/ mesa);360
Compra Papelaria (Grampo 02 cx/Pincel 06un);359
Compra Lixa;506
Compra Quadro AcrÌlico 02un;506
 PeÁa Bebedouro;506
Bebedouro de Agua maquina;546
Compra Resina Cinza;506
Compra pacote OneDrive;546
 Fonte Luminaria de Bancada;533
Taxa Cartao de Credito;374
Retirada de Lucros 02;548
Cafeteira Lirika Plus;506
Flash Twim Maquina;506
Retirada de Lucros Dif Cartao CPF;548
Cafe;535
Sedex Dr.a Marli;357
Comissao Sabrina;581
Recebido do Cliente: Daniela Fernandes Segatto Machado;504
Pedido Referente a Nota fiscal: - Dental Ita - 12/18;506
Pedido Referente a Nota fiscal: 208.439 - Dental Ita - 1/6;506
Pedido Referente a Nota fiscal: 202.233 - Dental Ita - 3/5;506
Pedido Referente a Nota fiscal: 3622 - Fran Dental;506
Kion Fresagem Zirconia;506
Componentes NeoDente Dr Henrique;506
Doacao Rotary Feijoada;738
Energia Eletrica Paga Errada;354
Recebido do Cliente: Elaine Cristina Tavares Pinto;504
Tercerizacao CAD JW;467
Coleta Jato;533
Danilo Boy;738
Bebedouro Agua 02/05                                                                                                  ;546
Almoco Alcance de Meta;535
Laminas Para Fazer Espatulas                ;506
Fonte Luminaria de Bancada;504
Impressao Medidas de Inclusao;736
Jato de Areia 01/05;546
Sedex serviÁo Dra Marly;357
Mercado Produtos de Limpeza;360
Controle Port„o;359
Pincel Maquiagem;359
Pincel Aplicacao                                                                                                           ;359
Happy Hour ;536
 Pacote Bala           ;535
Pinos Para Troquel ;738
Armarios para Estacao de Trabalho ;546
Despesas Extra  Taxa Cartao Credito   ;350
Sal·rios e comissıes       Multa FGTS acerto Sabrina;192
Sal·rios e comissıes       Acerto Sabrina;781
Recebimento;504
Nuvem One Driver;531
Cabo Usb Impressora;359
Retirada de Lucros Dif Cartao pessoal;548
Manutencao Jato de Areia;533
Adiantamento de Recebiveis;785
IOF Adiantamento de Recebiveis;785
Frete Manutencao Jato de areia;714
Retirada Compra Carro Amanda;548
Recebido do Cliente: Celio Xavier;504
Retirada de Lucros Seguro IX35;548
Fgts Complementar Sabrina;192
Recebido do Cliente: OrtoBrasil;504
Semana de Teste Rizia;362
Recebido do Cliente: Isadora Ign·cio Carrasco;504
Encanador (pia Entupida);362
Aniverssario Dr.a Maria Paula;717
Recebido do Cliente: Ana Laura Costa Silva;504
Salario Rizia;187
Vale Transporte Rizia;738
Entrega Trabalho Dr.a Marli;714
Pedido Referente a Nota fiscal: 211.836 - Dental Ita - 1/2;506
Scan Body He Titanium Fix;506
Pedido Referente a Nota fiscal: 208.439 - Dental Ita - 2/6;506
Pedido Referente a Nota fiscal: - Dental Ita - 13/18;506
Pedido Referente a Nota fiscal: 202.233 - Dental Ita - 4/5;506
Recebido do Cliente: Daniela Tonin de Carvalho;504
Kion Fresagens de Zirconia;506
Frete Para Kion Fresagem;714
Pedido Referente a Nota fiscal: 4278 - Fran Dental;506
Recebido do Cliente: Maria Eduarda Rosa Freato;504
Recebido do Cliente: Maria Thereza Souza Scott;504
Tercerizacao Cad;467
Retirada Emergencial Lucros;548
Bebedouro de Agua;546
Jato de Areia 01/05                                                                                                        ;546
Armarios para Estacao de Trabalho                                                                              ;546
 Gastos Operacionais Nuvem One Driver;736
  Despesas Extra Balas para Cafe ;535
Despesas Extra  AlmoÁo Meridiano;535
Despesas Extra Compra Balas;535
Arm·rio Planejado;546
Despesas Extra  Lanche Mac Despedida Sabrina ;535
Gastos Operacionais       Anuidade Cartao;534
Gastos Operacionais       Resina Para Impressao Modelos 3D ;506
Gastos Operacionais       Potinhos para embalar Trabalhos  ;506
Mouses USB                                                                                                                  ;356
Despesas Extra  Compra Pao ;535
Manutencao Centrifuga Fundicao;533
Frete Manutencao Centrifuga;714
Retirada de Lucros emergencial;548
Salario Rizia + Acerto contrato experiencia;781
Pedido Referente a Nota fiscal: 5036 - Fran Dental;506
Kion Fresagens Zirconias;506
FGTS RescisÛrio Rizia;192
Pedido Referente a Nota fiscal: 211.836 - Dental Ita - 2/2;506
Pedido Referente a Nota fiscal: 208.439 - Dental Ita - 3/6;506
Pedido Referente a Nota fiscal: - Dental Ita - 14/18;506
Pedido Referente a Nota fiscal: 202.233 - Dental Ita - 5/5;506
Pedido Referente a Nota fiscal: - Dental Ita;506
Registro Dominio Labcheconi.com.br;531
Tercerizacao Desenhos Cad JW;467
Bebedouro de Agua;355
Jato de Areia 01/05;533
Armarios para Estacao de Trabalho;546
Anuidade Cartao de Credito;350
Armarios para Bancadas;546
Mouses para computadores;359
Pincel para aplicaÁ„o de ceramica;546
Mercado (despesas de limpeza);360
Potinhos para embalar Trabalhos;715
Sedex Dr.a Marli;714
Cafe;506
Recebido do Cliente: Franciele Aparecida Miranda De Oliveira Silva;504
Recebido do Cliente: Tamiris Capel de Souza;504
Recebido do Cliente: Marli Aparecida Ferreira;504
Agenda;359
Comissao Joao Victor;781
Van Para Congresso em SP;709
Pedido Referente a Nota fiscal: 208.439 - Dental Ita - 4/6;506
Pedido Referente a Nota fiscal: - Dental Ita - 15/18;506
Componentes de Implante Dr Henrique;506
Componentes Implantes Dr Henrique;506
TercerizaÁao fresagens de copings;467
DistribuiÁao de lucro;548
Recebido do Cliente: Odontocompany Cristais Paulista;504
Recebido do Cliente: Mildreana Flauzinho;504
Anuidade Cartao Credito;534
Papelaria;359
Viagem para sao Carlos;711
AlmoÁo em Sao Carlos;535
AÁucar Cafe;535
BalanÁa para gesso;546
Modelo Para Treinamento;546
Recebido do Cliente: Ana Julia Paulino Ribeiro;504
Retirada de Lucros 01;548
Salario Mariane;187
Comissao Joao Victor;581
Pedido Referente a Nota fiscal: - Dental Ita - 16/18;506
Pedido Referente a Nota fiscal: 208.439 - Dental Ita - 5/6;506
Retirada de Lucros 02;549
Niver Maikon;593
Fresagem Zirconias;506
Guia Atrasada IRRF;178
Dental JMonteiro;506
Churrasco Meta Atingida;536
Mercado;535
Pino Para Troquel;506
Tomada Apirador de PÛ;359
Lampada Sala Gesso;539
Cabo Energia Aspirador;354
Nuvem One Driver;506
Sedex Dr Henrique;714
SSD Para BackUp de Arquivos;729
Fonte Notebook DELL;729
Impressora AnyCubic Rx6;729
DepÛsito origem: Cheque Pre Datado;504
Mayper Escritorio Contabilidade;359
Saco Aspirador de Po;729
Retirada de Lucros 03;549
Filtro Aspirador;729
Cafe;772
Salario Mariane;781
Salario Joao Victor;781
Pedido Referente a Nota fiscal: - Dental Ita - 17/18;506
Pedido Referente a Nota fiscal: 208.439 - Dental Ita - 6/6;506
Guia DARF (INSS);191
Recebido do Cliente: Samuel Bertolino;504
Recebido do Cliente: Maria Paula Chiareli Marangoni;504
Anuidade Cart„o Credito;354
Pino Para Troquel;593
SSD Para BackUp de Arquivos;546
Fonte Notebook DELL;546
Coffe Brack Equipe;535
OxigÍnio Para FundiÁ„o;506
Vaselina;506
Anuiverssario Francisco;593
Coffe Equipe;535
Guia Retificada Ago FGTS;192
Guia Retificada SET FGTS;192
Recebido do Cliente: Maise;504
Entrega Trabalho em Sao Joaquim da Barra;714
Recebido do Cliente: Ana Laura Pedigone;504
Taxa Correspondencia NotificaÁ„o;350
Fresagens Zirconias (Kion);506
Pedido Referente a Nota fiscal: - Dental Cremer;506
Pedido Referente a Nota fiscal: - Dental Ita - 18/18;506
Entrega Trabalho Ibiraci;700
Desenhos CAD JW;506
13∫ Salirio Parc 01 Joao Carrijo;187
Cafe para Cafeteira;535
Anuidade Cartao Credito;350
Pino Para Troquel;359
Alcool Visita Dr.a Marli;359
Resina Foto BL2;506
Alcool Limpeza de peÁas;360
Cartaz de Medidas;359
Sptay Karina para Impressora 3D;546
Cafe da Trade;535
Aniverssario Mariane;593
Plastico Bolha;715
Guia FGTS Recisao Mariane;192
Certificado Digital 2024;350
Recisao Contrato Mariane;187
Frete sao Carlos;714
Recebido do Cliente: Maria Paula Figueiredo;504
Recebido do Cliente: Ros‚ngela Aparecida de Paula;504
Recebido do Cliente: Oral Sin Ituverava;504
Parcela 2 13∫ Joao Victor;187
Guia INSS (DARF);191
Guia DARF (INSS) 2;191
Anuidade Cartao;350
Balas para Cafe;535
Impressora 3D;546
Retirda de Lucro;548
Ferias Coletiva Jo„o Victor;187
Recebido do Cliente: Liamanny Souza;504
